{
  "timestamp": "2025-11-02 00:47:34",
  "queries_tested": 5,
  "total_runs": 50,
  "statistics": {
    "p50": 0.05019497871398926,
    "p90": 0.05021193027496338,
    "p95": 0.05021277666091919,
    "p99": 0.05022731304168701,
    "mean": 0.050181369781494144,
    "min": 0.050089359283447266,
    "max": 0.05023455619812012
  },
  "threshold": 1.5,
  "passed": true
}